Array size:,Running time:,Amount of compares:,Amount of doubles:
250,0.007310000000000006,3156250,250
500,0.004770000000000003,12625000,476
1000,0.01736,7550327,1042
2000,0.06543000000000003,-12748364,2060
4000,0.26604000000000005,-8043786,3982
8000,0.9641099999999995,10774528,7924
16000,3.85056,148439,15761
32000,15.318830000000005,593756,32025
